종목명,ROE,최종점수
핸디소프트,0.82,0.49
우리금융지주,8.53,5.12
국민은행,9.82,5.89
두산건설,3.62,2.17
씨아이에스,5.66,3.40
미래에셋증권,11.74,7.05
삼성물산,6.79,4.08
하나은행,10.43,6.26
정다운,4.62,2.77
판타지오,-18.79,-11.28
SK,4.15,2.49
신성이엔지,-3.51,-2.11
패션플랫폼,3.45,2.07
GRT,9.22,5.53
나무기술,-4.06,-2.44
본느,-44.04,-26.43
로스웰,7.17,4.30
자비스,-16.65,-9.99
한국비엔씨,0.85,0.51
포인트엔지니어링,-8.88,-5.33
소프트캠프,23.93,14.36
알로이스,8.17,4.90
크리스탈신소재,-0.37,-0.22
카이노스메드,-169.12,-101.47
우진,4.57,2.74
삼화콘덴서공업,4.51,2.71
우진플라임,2.08,1.25
삼보판지,4.75,2.85
서연이화,4.96,2.97
러셀,-9.51,-5.70
컬러레이,-0.30,-0.18
특수건설,-20.70,-12.42
오가닉티코스메틱,-29.81,-17.88
세동,14.60,8.76
성광벤드,6.27,3.76
에스에이티,0.46,0.28
극동유화,0.56,0.34
세코닉스,3.51,2.11
티로보틱스,-88.25,-52.95
일진홀딩스,7.77,4.66
하나기술,-5.77,-3.46
제일파마홀딩스,7.39,4.43
팅크웨어,-9.78,-5.87
레이크머티리얼즈,5.74,3.45
인텔리안테크,2.80,1.68
라파스,-15.44,-9.26
아이디피,14.89,8.94
씨앤에스자산관리,17.06,10.24
엠로,2.65,1.59
액트로,10.00,6.00
잘만테크,1.29,0.77
미래컴퍼니,-24.66,-14.79
동일금속,3.23,1.94
아바코,12.91,7.75
큐에스아이,2.88,1.73
프리시젼바이오,-30.59,-18.35
영림원소프트랩,11.83,7.10
원준,-12.42,-7.45
코스메카코리아,17.20,10.32
한일화학,-23.33,-14.00
디에스케이,-17.10,-10.26
화승코퍼레이션,24.63,14.78
로보티즈,1.69,1.01
뷰웍스,8.41,5.05
원림,3.26,1.95
티에이치엔,30.35,18.21
삼륭물산,10.64,6.38
카페24,14.69,8.81
웰크론,-81.39,-48.84
알비더블유,-5.66,-3.40
퀀타매트릭스,-48.64,-29.19
이지스밸류플러스리츠,3.27,1.96
동원금속,15.92,9.55
아스플로,-21.42,-12.85
쿠쿠홀딩스,10.99,6.59
풍원정밀,-191.25,-114.75
한국전자홀딩스,-5.24,-3.14
효성오앤비,3.65,2.19
금비,2.88,1.73
나인테크,-17.16,-10.30
이삭엔지니어링,-25.74,-15.44
바디텍메드,9.78,5.87
하이즈항공,5.23,3.14
SV인베스트먼트,-7.40,-4.44
화승알앤에이,10.93,6.56
세영디앤씨,-44.63,-26.78
제이알글로벌리츠,1.36,0.82
황금에스티,4.88,2.93
세원정공,6.85,4.11
비씨엔씨,1.46,0.88
케이씨티시,6.97,4.18
쿠쿠홈시스,10.61,6.36
에이스토리,-14.80,-8.88
레이,0.62,0.37
방림,3.61,2.16
진로발효,13.32,7.99
전방,13.10,7.86
금강철강,-0.14,-0.08
태경케미컬,5.07,3.04
오디텍,0.69,0.41
경방,5.84,3.50
로체시스템즈,8.90,5.34
한국화장품,3.41,2.04
한국컴퓨터,12.49,7.50
유성기업,-7.76,-4.66
큐브엔터,-3.64,-2.18
NEW,0.43,0.26
제일테크노스,7.17,4.30
JYP Ent.,25.69,15.42
KG케미칼,6.20,3.72
코리아써키트,6.80,4.08
한일홀딩스,2.64,1.58
서진오토모티브,-5.55,-3.33
유비쿼스홀딩스,8.76,5.26
슈프리마,11.94,7.17
제이에스코퍼레이션,16.26,9.75
네오위즈홀딩스,8.52,5.11
SNT모티브,6.82,4.09
조광페인트,-4.88,-2.93
네오셈,4.48,2.69
엘오티베큠,-3.19,-1.92
신원,-0.72,-0.43
풍강,1.10,0.66
SH에너지화학,-15.47,-9.28
대양전기공업,9.21,5.53
플랜티넷,2.35,1.41
이노메트리,-7.21,-4.33
에스피지,3.54,2.12
파버나인,-5.73,-3.44
하림,11.90,7.14
바이오플러스,10.26,6.15
에프엔에스테크,10.47,6.28
일신방직,3.57,2.14
KB오토시스,3.27,1.96
그리티,5.62,3.37
샘표,5.21,3.13
아세아제지,3.50,2.10
인터플렉스,10.33,6.20
예스티,0.49,0.29
크라운해태홀딩스,5.54,3.32
에스에이엠티,15.60,9.36
인지소프트,30.76,18.46
에프에스티,-5.91,-3.55
웹스,10.17,6.10
프로텍,9.99,5.99
에프엔씨엔터,-60.52,-36.31
슈프리마에이치큐,5.54,3.32
메리츠금융지주,20.87,12.52
STX,336.58,201.95
신흥에스이씨,-1.64,-0.99
LS,6.32,3.79
KH바텍,7.40,4.44
천보,-12.84,-7.70
우원개발,30.60,18.36
대상홀딩스,-22.45,-13.47
씨유테크,1.19,0.72
원티드랩,3.33,2.00
제이엠티,8.65,5.19
웹젠,3.44,2.06
시노펙스,4.17,2.50
티쓰리,18.61,11.17
성도이엔지,10.27,6.16
에스티아이,5.37,3.22
한국씨티은행,5.52,3.31
대구백화점,-23.70,-14.22
알에스오토메이션,-6.83,-4.10
오픈베이스,7.71,4.62
송원산업,0.31,0.18
인포뱅크,-6.95,-4.17
빅솔론,8.13,4.88
핌스,-18.35,-11.01
한국단자공업,9.14,5.48
와이엠씨,0.90,0.54
브이씨,-8.68,-5.21
파워넷,6.38,3.83
두산밥캣,5.64,3.39
SK리츠,1.66,1.00
쎄니트,-6.04,-3.63
대성하이텍,-9.87,-5.92
태양금속공업,1.83,1.10
성신양회,4.39,2.63
에스제이그룹,-8.99,-5.39
ESR켄달스퀘어리츠,-0.29,-0.18
진성티이씨,10.97,6.58
영화테크,20.54,12.32
헝셩그룹,-1.20,-0.72
원익피앤이,0.89,0.54
우진아이엔에스,9.40,5.64
덕성,5.63,3.38
상아프론테크,3.32,1.99
가온칩스,-26.27,-15.76
램테크놀러지,-21.06,-12.64
아세아시멘트,1.49,0.90
호텔신라,-15.63,-9.38
선익시스템,67.12,40.27
금화피에스시,7.94,4.77
풍산,6.40,3.84
삼성전기,7.46,4.48
파인엠텍,-7.03,-4.22
LF,6.36,3.82
SG세계물산,0.34,0.20
유니퀘스트,7.88,4.73
유엔젤,6.90,4.14
경인전자,4.76,2.86
에스씨디,4.69,2.81
정상제이엘에스,7.96,4.77
미스터블루,-45.93,-27.56
갤럭시아머니트리,6.92,4.15
부스타,1.95,1.17
피에이치에이,5.48,3.29
경동인베스트,3.76,2.26
아가방컴퍼니,5.96,3.57
파워로직스,-6.23,-3.74
성우테크론,6.30,3.78
국순당,2.61,1.57
네오티스,8.90,5.34
SK가스,7.44,4.46
와이솔,-14.30,-8.58
디아이씨,-2.66,-1.60
서원인텍,2.55,1.53
대덕전자,5.31,3.18
에이엔피,-69.29,-41.57
아세아,2.52,1.51
성우전자,10.57,6.34
코메론,8.95,5.37
금강공업,-7.50,-4.50
원익머트리얼즈,9.27,5.56
DB손해보험,16.37,9.82
인탑스,1.08,0.65
벽산,7.31,4.39
라닉스,-36.47,-21.88
아이앤씨,12.01,7.21
메지온,-203.14,-121.88
한국콜마,10.09,6.05
우리로,-2.01,-1.21
우리산업,11.52,6.91
롯데관광개발,7.49,4.50
삼화전기,9.24,5.54
현대코퍼레이션,12.49,7.49
이엘피,4.03,2.42
스튜디오미르,-3.72,-2.23
한섬,3.22,1.93
금호석유화학,4.66,2.79
위즈코프,4.78,2.87
CS홀딩스,5.33,3.20
유아이엘,11.08,6.65
이랜시스,7.86,4.72
피앤텔,45.88,27.53
대창스틸,1.91,1.15
한국가스공사,1.22,0.73
더블유씨피,-18.12,-10.87
유티아이,-57.13,-34.28
비츠로셀,17.22,10.33
파인디앤씨,-42.61,-25.56
삼목에스폼,1.57,0.94
서흥,8.71,5.23
메가스터디,7.90,4.74
비비안,-15.27,-9.16
에이치시티,5.39,3.24
솔본,11.07,6.64
DSR,6.01,3.61
디와이파워,8.04,4.83
휴림로봇,-14.80,-8.88
디지털대성,15.03,9.02
옴니시스템,-0.14,-0.08
아이텍,-4.07,-2.44
액토즈소프트,12.32,7.39
바이오노트,-5.79,-3.47
신송홀딩스,3.25,1.95
성창기업지주,-3.05,-1.83
유진증권,5.70,3.42
대창단조,8.50,5.10
나노신소재,0.66,0.40
씨엔알리서치,2.13,1.28
한국내화,-12.52,-7.51
네오위즈,8.11,4.87
디젠스,3.12,1.87
코위버,2.19,1.31
PN풍년,5.54,3.33
삼화전자공업,-35.52,-21.31
오리엔탈정공,15.27,9.16
대한유화,2.69,1.61
티이엠씨,6.09,3.65
칩스앤미디어,7.01,4.20
이글루,2.56,1.54
아이디스,6.66,3.99
인터로조,8.24,4.94
진바이오텍,6.89,4.13
아이디스홀딩스,8.76,5.25
유한양행,7.84,4.71
신화콘텍,4.10,2.46
성문전자,4.58,2.75
엘티씨,8.13,4.88
코텍,7.30,4.38
한미글로벌,7.97,4.78
크린앤사이언스,-19.98,-11.99
우신시스템,9.01,5.41
아난티,-5.24,-3.14
에스티오,-21.41,-12.85
JB금융지주,11.82,7.09
디아이,7.27,4.36
에이치케이,7.24,4.35
코이즈,-921.80,-553.08
세보엠이씨,13.11,7.87
GS,5.41,3.25
교보증권,6.74,4.05
현대바이오랜드,0.19,0.11
파인디지털,-1.28,-0.77
유니트론텍,8.16,4.89
태양,6.10,3.66
대주전자재료,8.10,4.86
대원미디어,4.03,2.42
한세예스24홀딩스,-2.46,-1.48
바이오톡스텍,-4.93,-2.96
하이스틸,-3.18,-1.91
드림씨아이에스,8.75,5.25
덴티스,-35.97,-21.58
이오테크닉스,8.37,5.02
제주항공,-42.30,-25.38
세진티에스,1.50,0.90
LG,3.30,1.98
한국금융지주,16.73,10.04
우리기술투자,14.24,8.54
석경에이티,8.62,5.17
한일단조,1.30,0.78
파루,-17.29,-10.37
삼보모터스,4.83,2.90
비나텍,-8.94,-5.37
코웨이,17.09,10.25
하나투어,28.78,17.27
엑사이엔씨,1.38,0.83
한글과컴퓨터,4.95,2.97
기산텔레콤,8.72,5.23
미래에셋글로벌리츠,-4.08,-2.45
디알텍,-31.30,-18.78
우리산업홀딩스,8.97,5.38
바이오스마트,4.79,2.87
상상인,-26.35,-15.81
SIMPAC,3.33,2.00
일진파워,12.93,7.76
레드캡투어,11.77,7.06
현대엘리베이터,18.64,11.19
텔레칩스,-43.11,-25.86
디지틀조선,5.87,3.52
헥토이노베이션,10.23,6.14
YG PLUS,12.19,7.32
티에프이,16.58,9.95
신도기연,3.05,1.83
하림지주,8.18,4.91
코미코,20.89,12.53
에넥스,-3.40,-2.04
에이스침대,7.48,4.49
현우산업,6.63,3.98
금호에이치티,-8.29,-4.97
핑거,0.70,0.42
유라테크,7.18,4.31
세방,5.43,3.26
셀바스AI,-1.67,-1.00
에이루트,-17.64,-10.58
한국수출포장공업,-1.38,-0.83
루닛,-34.48,-20.69
아진산업,6.68,4.01
한일철강,-0.26,-0.16
사조대림,-9.25,-5.55
나노,12.17,7.30
TJ미디어,4.76,2.86
셀바스헬스케어,5.47,3.28
영우디에스피,18.43,11.06
카스,-2.43,-1.46
휴비츠,-4.42,-2.65
에스폴리텍,-15.59,-9.35
SG글로벌,1.85,1.11
KPX홀딩스,7.11,4.27
켄코아에어로스페이스,-9.65,-5.79
화승엔터프라이즈,-5.75,-3.45
다스코,-5.02,-3.01
크래프톤,10.21,6.13
인크로스,9.22,5.53
BYC,3.48,2.09
제이아이테크,8.56,5.13
잉글우드랩,15.21,9.13
지엠비코리아,4.51,2.71
네오팜,14.24,8.55
필에너지,-12.51,-7.51
DS단석,-4.47,-2.68
신한은행,9.82,5.89
S-Oil,1.99,1.19
한국무브넥스,4.68,2.81
팸텍,-8.79,-5.27
이수화학,-18.28,-10.97
흥국,10.32,6.19
도이치모터스,0.45,0.27
DN오토모티브,13.27,7.96
삼진엘앤디,-27.88,-16.73
윙입푸드,4.67,2.80
씨티케이,-5.01,-3.00
다우기술,15.43,9.26
율촌,6.55,3.93
엠케이전자,1.37,0.82
KSS해운,6.72,4.03
인베니아,-81.20,-48.72
크레버스,9.60,5.76
산돌,6.08,3.65
SK디앤디,0.93,0.56
디케이앤디,10.67,6.40
누리플랜,2.96,1.77
엘엠에스,-16.65,-9.99
케이알엠,-19.96,-11.98
넥스틴,-1.76,-1.06
케이엔에스,-1.83,-1.10
NICE,5.45,3.27
아모레퍼시픽,4.49,2.70
지니너스,-190.88,-114.53
나라셀라,0.08,0.05
에스지신성건설,-11.14,-6.68
롯데에너지머티리얼즈,-9.32,-5.59
동화기업,-6.35,-3.81
STX엔진,20.10,12.06
신화인터텍,3.44,2.06
모베이스전자,8.28,4.97
라온시큐어,6.57,3.94
다날,-22.23,-13.34
DMS,32.84,19.70
한컴위드,6.28,3.77
금호건설,25.72,15.43
토비스,14.65,8.79
제이엔비,-1.12,-0.67
코세스,17.84,10.70
대성산업,-9.55,-5.73
체시스,13.89,8.33
유비쿼스,12.28,7.37
티사이언티픽,-0.95,-0.57
가온그룹,4.74,2.84
폴라리스오피스,2.68,1.61
한화손해보험,10.80,6.48
동국알앤에스,0.71,0.42
모두투어,15.65,9.39
삼영,17.04,10.23
톱텍,-5.31,-3.19
넥스트아이,-103.62,-62.17
씨엑스아이,2.53,1.52
도화엔지니어링,2.51,1.51
모헨즈,-9.12,-5.47
WISCOM,1.52,0.91
파트론,5.91,3.54
동성화인텍,21.59,12.95
모비데이즈,6.32,3.79
인팩,10.30,6.18
진양홀딩스,4.91,2.95
애니플러스,10.96,6.58
엠씨넥스,13.37,8.02
뉴인텍,-83.69,-50.21
케이프,20.76,12.45
디에이피,311.85,187.11
유성티엔에스,10.41,6.24
포스뱅크,4.82,2.89
프럼파스트,2.69,1.61
자연과환경,-7.94,-4.76
메카로,6.14,3.68
케이엔제이,26.30,15.78
경인양행,2.11,1.26
이연제약,-13.45,-8.07
이상네트웍스,12.00,7.20
나노캠텍,-47.02,-28.21
베노티앤알,-33.44,-20.06
티비에이치글로벌,2.50,1.50
우리넷,3.67,2.20
씨앤지하이테크,13.64,8.19
원익QnC,0.17,0.10
지유온,-29.26,-17.56
유니셈,3.68,2.21
KC그린홀딩스,-35.79,-21.47
동인기연,7.22,4.33
메리츠화재해상보험,28.81,17.29
아모그린텍,7.27,4.36
싸이버원,-2.67,-1.60
아이패밀리에스씨,20.91,12.54
펨트론,-14.78,-8.87
삼성공조,2.46,1.47
상신전자,3.29,1.97
컨텍,-5.81,-3.49
브레인즈컴퍼니,8.42,5.05
비보존 제약,-44.62,-26.77
세경하이테크,20.37,12.22
아우딘퓨쳐스,-19.80,-11.88
플리토,37.47,22.48
NAVER,6.28,3.77
시스웍,22.11,13.27
티피씨글로벌,-0.40,-0.24
유니테크노,-2.34,-1.41
범양건영,125.96,75.58
오로라,11.82,7.09
아이크래프트,21.69,13.01
그린플러스,-34.81,-20.88
에스피시스템스,-8.15,-4.89
이노뎁,-8.73,-5.24
BNK금융지주,7.44,4.46
한샘,11.58,6.95
새로닉스,-34.04,-20.43
사조씨푸드,-13.61,-8.17
삼성화재해상보험,9.49,5.69
원익IPS,8.66,5.20
삼진,3.52,2.11
큐로홀딩스,-44.17,-26.50
푸드웰,10.33,6.20
샤페론,-62.75,-37.65
나노팀,2.04,1.22
미원상사,10.45,6.27
예스24,-6.23,-3.74
테크윙,4.24,2.54
에스케이바이오팜,30.65,18.39
LB인베스트먼트,9.79,5.88
에스제이엠홀딩스,4.60,2.76
에스에프씨,-10.15,-6.09
후성,1.81,1.08
KB손해보험,13.60,8.16
케이웨더,-15.09,-9.05
노드메이슨,-183.37,-110.02
엑스페릭스,-22.73,-13.64
피엔티,9.96,5.97
KG이니시스,7.62,4.57
가온전선,10.62,6.37
디케이티,11.43,6.86
소마젠,-16.22,-9.73
흥아해운,11.67,7.00
LS머트리얼즈,-0.49,-0.29
뷰티스킨,-6.59,-3.95
브이티,25.35,15.21
이루온,3.15,1.89
하이록코리아,11.06,6.63
롯데렌탈,8.14,4.89
BGF에코머티리얼즈,2.01,1.20
모아데이타,-101.88,-61.13
덕우전자,5.95,3.57
광전자,1.75,1.05
기가비스,7.32,4.39
비덴트,1.34,0.81
저스템,6.58,3.95
티엘비,15.04,9.02
비트컴퓨터,9.93,5.96
현대글로비스,16.70,10.02
현대퓨처넷,0.87,0.52
쏠리드,10.31,6.19
피에스케이홀딩스,18.11,10.86
메쎄이상,19.45,11.67
현대백화점,2.24,1.35
신라교역,0.88,0.53
뉴로메카,-158.27,-94.96
버킷스튜디오,-23.33,-14.00
비에이치,5.14,3.08
금양,-14.99,-8.99
대성홀딩스,3.64,2.18
마이크로컨텍솔,20.84,12.51
영원무역홀딩스,11.47,6.88
HD현대에너지솔루션,9.98,5.99
오킨스전자,15.36,9.21
현대공업,7.31,4.39
현대그린푸드,12.03,7.22
세아베스틸지주,2.87,1.72
아주IB투자,3.12,1.87
CMG제약,-5.00,-3.00
명신산업,8.89,5.33
평화산업,25.28,15.17
이크레더블,30.15,18.09
케이탑리츠,6.13,3.68
윈하이텍,-9.23,-5.54
대림제지,2.26,1.36
뷰노,-16.00,-9.60
영원무역,10.38,6.23
서플러스글로벌,-8.11,-4.87
아이센스,-1.98,-1.19
에코프로에이치엔,4.34,2.60
리드코프,2.55,1.53
아이엠티,3.17,1.90
디앤디플랫폼리츠,0.82,0.49
영보화학,8.80,5.28
파라텍,-27.40,-16.44
아셈스,12.15,7.29
위드텍,5.09,3.06
금양그린파워,0.02,0.01
삼보산업,-11.54,-6.92
동우팜투테이블,11.78,7.07
와이엠,4.75,2.85
현대힘스,8.46,5.08
신영와코루,1.61,0.97
노바텍,10.84,6.51
우리손에프앤지,6.81,4.09
포시에스,6.05,3.63
모베이스,4.57,2.74
대명에너지,8.59,5.15
CJ프레시웨이,11.01,6.60
마스턴프리미어리츠,1.96,1.18
휴럼,2.07,1.24
녹원씨엔아이,7.98,4.79
메타랩스,-8.72,-5.23
오스템임플란트,-2.75,-1.65
오성첨단소재,11.48,6.89
대모,3.93,2.36
구영테크,14.66,8.79
HL D&I,2.65,1.59
라온피플,-46.44,-27.87
알서포트,1.86,1.12
케이비아이동국실업,11.77,7.06
에이피알,64.97,38.98
한솔아이원스,13.52,8.11
성우하이텍,8.58,5.15
태경산업,6.52,3.91
제이티,-0.61,-0.36
디에이테크놀로지,80.14,48.08
카카오게임즈,-11.94,-7.17
차이커뮤니케이션,4.31,2.59
에스트래픽,4.84,2.90
SK이터닉스,11.25,6.75
브이엠,14.75,8.85
노을,-77.70,-46.62
에스와이,-6.42,-3.85
휴네시온,11.30,6.78
메리츠증권,9.38,5.63
아스트,-2.88,-1.73
엔피케이,2.45,1.47
SK하이닉스,35.59,21.36
에스엠,26.45,15.87
한솔홀딩스,1.38,0.83
JW홀딩스,19.42,11.65
한국제지,-8.23,-4.94
효성 ITX,20.57,12.34
아이진,-35.16,-21.10
신한알파리츠,1.39,0.83
디오,-0.71,-0.43
에이프로,-17.54,-10.52
모아라이프플러스,-42.70,-25.62
SGA솔루션즈,32.08,19.25
시알홀딩스,-2.33,-1.40
나이스디앤비,11.18,6.71
삼영무역,9.20,5.52
사람인,34.37,20.62
드림라인,-3.41,-2.04
한진칼,4.65,2.79
프레스티지바이오파마,0.79,0.48
케이씨,5.21,3.12
엘앤씨바이오,-66.29,-39.78
대산F&B,34.16,20.49
CJ ENM,0.49,0.30
오름테라퓨틱,-32.06,-19.24
프리엠스,1.26,0.76
아진카인텍,3.60,2.16
신성델타테크,6.78,4.07
태웅로직스,-1.97,-1.18
바이브컴퍼니,-42.38,-25.43
올릭스,-10.49,-6.29
케이아이엔엑스,7.89,4.74
우리바이오,-3.89,-2.34
지엔코,-6.67,-4.00
아진전자부품,13.06,7.84
KC코트렐,-19.97,-11.98
서산,-2.79,-1.68
삼화왕관,3.62,2.17
에이럭스,-20.72,-12.43
덕산하이메탈,-34.15,-20.49
토박스코리아,-3.92,-2.35
큐로셀,-921.47,-552.88
에이유브랜즈,12.21,7.33
엣지파운드리,12.22,7.33
하이브,-7.16,-4.30
호전실업,6.12,3.67
신진에스엠,-0.53,-0.32
트윔,-4.94,-2.96
SKAI,-113.81,-68.28
현대모비스,7.45,4.47
두올,11.21,6.73
캠시스,-33.91,-20.34
모니터랩,1.74,1.04
메가스터디교육,17.85,10.71
포스코인터내셔널,8.15,4.89
삼일제약,-26.01,-15.61
형지엘리트,-1.45,-0.87
바텍,7.86,4.71
인바디,9.38,5.63
JW생명과학,12.97,7.78
GKL,10.66,6.40
에이직랜드,-48.04,-28.82
테라사이언스,-60.25,-36.15
CJ씨푸드,3.20,1.92
신도리코,1.88,1.13
한온시스템,-5.04,-3.02
투비소프트,4.35,2.61
아시아나항공,-35.28,-21.17
이지케어텍,6.26,3.76
명문제약,1.36,0.81
한국전력공사,17.57,10.54
케이씨씨,19.66,11.80
창해에탄올,8.99,5.39
세아제강지주,3.58,2.15
나이스정보통신,10.33,6.20
KX하이텍,3.08,1.85
신한카드,5.65,3.39
HD현대일렉트릭,36.00,21.60
제일약품,12.75,7.65
지씨셀,-143.67,-86.20
성호전자,35.84,21.51
팜스코,18.71,11.23
스타플렉스,4.87,2.92
와이즈넛,2.59,1.55
동국S&C,-0.90,-0.54
휴비스,0.94,0.56
케이사인,1.78,1.07
삐아,10.70,6.42
계룡건설산업,9.88,5.93
드래곤플라이,-159.72,-95.83
백금T&A,6.92,4.15
비디아이,24.66,14.80
SGC에너지,-12.49,-7.49
켐트로닉스,5.12,3.07
인카금융서비스,33.09,19.86
휴온스,10.18,6.11
엔시스,-13.32,-7.99
에스지헬스케어,3.84,2.30
메디포스트,-34.41,-20.65
씨에스베어링,11.12,6.67
씨에스윈드,3.34,2.00
삼표시멘트,5.19,3.11
메디톡스,3.45,2.07
삼성바이오로직스,23.95,14.37
테고사이언스,-13.95,-8.37
SK바이오사이언스,-2.76,-1.65
계양전기,-177.21,-106.32
나라엠앤디,4.34,2.60
SGC E&C,-22.53,-13.52
주성코퍼레이션,7.05,4.23
엘에스일렉트릭,13.27,7.96
원일특강,4.92,2.95
SM C&C,-2.36,-1.41
엘앤케이바이오,-43.46,-26.08
하이비젼시스템,-8.60,-5.16
초록뱀미디어,1.07,0.64
디와이피엔에프,16.94,10.17
롯데칠성음료,3.20,1.92
오공,4.57,2.74
희림,8.93,5.36
현대바이오,-19.98,-11.99
에프앤가이드,14.57,8.74
LG유플러스,5.62,3.37
웰크론한텍,-317.75,-190.65
CJ CGV,-22.05,-13.23
우전,3.66,2.20
한미반도체,31.00,18.60
동국산업,-2.35,-1.41
피제이메탈,10.97,6.58
국도화학,2.50,1.50
대원제약,-1.46,-0.88
에코캡,-2.28,-1.37
지란지교시큐리티,1.33,0.80
RFHIC,8.96,5.37
심텍,-28.55,-17.13
셀바이오휴먼텍,14.74,8.84
조선내화,1.34,0.80
금호타이어,16.83,10.10
뱅크웨어글로벌,-15.40,-9.24
선진뷰티사이언스,8.22,4.93
티에스아이,3.07,1.84
모티브링크,-0.31,-0.18
CJ대한통운,5.83,3.50
한양이엔지,6.68,4.01
SK증권,4.75,2.85
로보스타,-5.99,-3.59
하나머티리얼즈,8.28,4.97
아이에스티이,-22.04,-13.23
대우건설,-26.36,-15.82
현대홈쇼핑,3.06,1.83
효성중공업,20.20,12.12
그린리소스,14.62,8.77
제일엠앤에스,136.98,82.19
대웅,12.90,7.74
엠에스오토텍,-11.76,-7.05
팡스카이,11.09,6.66
한전기술,13.66,8.20
윈스테크넷,9.94,5.96
알톤,1.04,0.63
평화홀딩스,27.77,16.66
카카오,3.40,2.04
오르비텍,0.71,0.43
한세엠케이,-201.99,-121.19
이닉스,0.19,0.12
대웅제약,17.00,10.20
팬엔터테인먼트,-13.07,-7.84
하나마이크론,10.05,6.03
피에스텍,6.69,4.02
아이씨에이치,-92.44,-55.46
POSCO홀딩스,0.81,0.49
롯데정밀화학,4.36,2.61
동일고무벨트,4.09,2.46
동양고속,5.38,3.23
에이플러스에셋,9.45,5.67
이마트,1.80,1.08
폴라리스우노,1.87,1.12
홈캐스트,-2.57,-1.54
신세계건설,-134.36,-80.61
케이엔알시스템,-36.99,-22.19
코리안리,8.74,5.25
비츠로테크,8.76,5.25
F&F 홀딩스,10.10,6.06
신세계I&C,6.54,3.93
F&F,21.33,12.80
동국씨엠,-6.68,-4.01
오늘이엔엠,-839.68,-503.81
SB성보,22.33,13.40
지놈앤컴퍼니,-6.71,-4.03
현대무벡스,7.05,4.23
엔켐,-14.67,-8.80
유진테크놀로지,-20.23,-12.14
디앤씨미디어,8.35,5.01
셀루메드,-26.02,-15.61
엘케이켐,7.26,4.35
대호특수강,-4.78,-2.87
오스테오닉,11.10,6.66
신한투자증권,6.58,3.95
엠브레인,-3.79,-2.28
무림P&P,-5.45,-3.27
무림SP,-0.83,-0.50
아이씨티케이,-15.20,-9.12
한국기업평가,20.12,12.07
텔라움,24.98,14.99
무림페이퍼,-3.35,-2.01
메타바이오메드,8.63,5.18
바이오니아,0.75,0.45
한스바이오메드,-94.65,-56.79
티앤엘,18.93,11.36
수젠텍,-30.69,-18.41
오상자이엘,9.51,5.70
레이저옵텍,-48.44,-29.06
STX그린로지스,-125.45,-75.27
엔피씨,2.88,1.73
휴온스글로벌,7.50,4.50
케이엠,3.21,1.92
펄어비스,-1.05,-0.63
이노스페이스,-144.34,-86.60
솔브레인홀딩스,25.44,15.27
포인트모바일,5.50,3.30
스마트솔루션즈,-69.32,-41.59
대림바스,7.70,4.62
뉴파워프라즈마,1.77,1.06
iM금융지주,7.11,4.26
오스코텍,29.11,17.47
HLB제넥스,41.82,25.09
테이팩스,1.30,0.78
현대해상,19.77,11.86
에코프로,-2.35,-1.41
파이오링크,8.87,5.32
위세아이텍,4.71,2.83
에스에스알,-6.75,-4.05
EDGC,-125.38,-75.23
KB금융,9.60,5.76
APS,-3.97,-2.38
에스티팜,9.20,5.52
모토닉,5.59,3.36
위츠,6.21,3.73
풀무원,2.45,1.47
오리엔트정공,4.54,2.72
진양산업,10.35,6.21
서울보증보험,5.17,3.10
화인베스틸,-11.80,-7.08
두산로보틱스,-15.92,-9.55
제이앤티씨,-36.97,-22.18
상신이디피,1.26,0.75
아스테라시스,19.70,11.82
덴티움,2.91,1.75
미트박스,4.61,2.77
미투온,1.53,0.92
아주스틸,-28.49,-17.10
화인써키트,-8.67,-5.20
엑셀세라퓨틱스,-153.08,-91.85
케이비캐피탈,8.79,5.27
동국홀딩스,1.06,0.64
노블엠앤비,-59.07,-35.44
삼성에스디에스,7.63,4.58
남해화학,4.87,2.92
KT지니뮤직,-8.94,-5.36
삼기에너지솔루션즈,-12.08,-7.25
지앤비에스 에코,5.36,3.22
한국가구,7.14,4.28
케이피엠테크,-49.46,-29.68
원익홀딩스,3.88,2.33
제이엠아이,5.85,3.51
메디앙스,-8.83,-5.30
크레오에스지,-18.11,-10.86
아이지넷,11.57,6.94
에이디테크놀로지,2.63,1.58
미래에셋생명,5.34,3.21
오리콤,5.96,3.58
종근당홀딩스,5.95,3.57
코오롱,-12.24,-7.34
NHN KCP,15.23,9.14
파커스,9.69,5.81
아미노로직스,6.29,3.77
한익스프레스,-17.02,-10.21
벡트,-28.20,-16.92
제이씨현시스템,7.69,4.61
MH에탄올,-18.94,-11.36
탑엔지니어링,-15.84,-9.50
삼성카드,7.29,4.37
GS리테일,1.53,0.92
지누스,-2.85,-1.71
에이스테크,-41.25,-24.75
아시아경제,3.36,2.01
제너셈,1.89,1.13
제노레이,0.75,0.45
엔투텍,14.85,8.91
신스틸,1.57,0.94
HS애드,8.20,4.92
동일기연,10.16,6.10
온코크로스,-66.77,-40.06
에이텀,-59.92,-35.95
오브젠,-29.34,-17.60
LS에코에너지,21.47,12.88
AP시스템,6.47,3.88
한국피아이엠,-0.10,-0.06
삼화네트웍스,-1.48,-0.89
웨이버스,6.40,3.84
와이제이링크,-4.16,-2.50
포스코스틸리온,4.69,2.81
포스코퓨처엠,0.81,0.49
마니커,-0.76,-0.46
세아홀딩스,2.78,1.67
해성디에스,4.22,2.53
HS효성첨단소재,1.89,1.14
SDN,-2.66,-1.59
와이지엔터테인먼트,8.26,4.95
유네코,-7.11,-4.27
앤에스,0.86,0.52
엠오티,5.76,3.46
한중엔시에스,4.88,2.93
대한제당,-12.46,-7.48
한탑,4.41,2.65
대상,-27.63,-16.58
팜스토리,9.07,5.44
모아텍,-2.82,-1.69
이지홀딩스,5.61,3.36
iMBC,-9.47,-5.68
우성,6.09,3.65
스톰테크,10.88,6.53
한국공항,10.01,6.00
쇼박스,-14.00,-8.40
야스,-4.13,-2.48
씨아이테크,19.96,11.98
서호전기,24.95,14.97
신한글로벌액티브리츠,-7.39,-4.43
TS트릴리온,-6.92,-4.15
MDS테크,4.32,2.59
테크엘,-4.93,-2.96
아모텍,5.07,3.04
캐리,-39.33,-23.60
태성,-1.98,-1.19
드림인사이트,-1.23,-0.74
비비씨,6.83,4.10
진영,-8.34,-5.00
조흥,5.34,3.20
쎄트렉아이,5.94,3.57
아미코젠,-31.68,-19.01
해태제과식품,7.56,4.53
조이시티,-12.03,-7.22
인피니트헬스케어,13.74,8.24
대교,-13.19,-7.92
우리은행,8.70,5.22
스튜디오드래곤,1.29,0.77
디아이티,12.81,7.69
유비벨록스,-7.40,-4.44
동아쏘시오홀딩스,7.94,4.77
동아에스티,-5.60,-3.36
씨피시스템,4.60,2.76
하이젠알앤엠,-6.64,-3.98
한국맥널티,-3.44,-2.06
선진,21.65,12.99
팜스빌,4.36,2.62
샘표식품,7.52,4.51
경동나비엔,11.64,6.99
남광토건,4.24,2.54
한국알콜,6.36,3.82
동원산업,10.46,6.28
유진기업,-2.33,-1.40
아이즈비전,4.29,2.57
에스엘,12.10,7.26
SK디스커버리,2.11,1.27
코데즈컴바인,6.17,3.70
한라IMS,12.83,7.70
제이엔케이글로벌,1.84,1.11
오에스피,-7.52,-4.51
경동제약,3.69,2.22
동구바이오제약,32.97,19.78
동국제약,9.68,5.81
GST,14.96,8.98
휴스틸,-1.42,-0.85
코스맥스엔비티,-30.87,-18.52
씨이랩,-12.41,-7.45
기신정기,1.25,0.75
하스,3.34,2.00
SCL사이언스,-17.53,-10.52
백산,12.74,7.64
한솔로지스틱스,11.02,6.61
안국약품,4.40,2.64
한컴라이프케어,-6.00,-3.60
부광약품,3.65,2.19
삼아제약,5.67,3.40
신신제약,12.46,7.47
유유제약,6.49,3.89
한독,-0.80,-0.48
넥센,6.76,4.06
형지글로벌,-58.63,-35.18
코윈테크,-6.88,-4.13
에스디바이오센서,-21.97,-13.18
한솔테크닉스,0.11,0.07
환인제약,3.23,1.94
대화제약,2.94,1.77
바이넥스,-1.75,-1.05
조아제약,-33.83,-20.30
비씨월드제약,-4.33,-2.60
헬릭스미스,-0.33,-0.20
한국타이어앤테크놀로지,6.84,4.10
현대코퍼레이션홀딩스,11.03,6.62
인바이츠바이오코아,-312.72,-187.63
피엔케이피부임상연구센타,5.72,3.43
코칩,5.11,3.06
종근당,7.73,4.64
제주은행,2.15,1.29
서울반도체,-9.58,-5.75
코스맥스비티아이,6.31,3.79
태광,9.78,5.87
KEC,-8.15,-4.89
코스맥스,21.41,12.84
두산퓨얼셀,-36.14,-21.68
서울바이오시스,-8.02,-4.81
지오엘리먼트,7.72,4.63
한화갤러리아,0.40,0.24
테라젠이텍스,7.38,4.43
이건홀딩스,-3.16,-1.89
동원개발,2.47,1.48
태경비케이,7.82,4.69
성일하이텍,-52.26,-31.35
한신기계공업,-0.51,-0.31
케이쓰리아이,-12.51,-7.50
엠에스씨,12.16,7.30
영풍,0.77,0.46
시그네틱스,-35.07,-21.04
좋은사람들,-23.94,-14.36
한국석유공업,2.46,1.48
바른손이앤에이,-11.81,-7.08
삼현,7.36,4.41
베뉴지,22.71,13.62
콘텐트리중앙,-15.62,-9.37
데브시스터즈,6.38,3.83
오스템,1.21,0.73
국보디자인,12.25,7.35
삼아알미늄,-11.42,-6.85
아남전자,4.44,2.66
KPX케미칼,7.76,4.66
씨젠,4.77,2.86
제이투케이바이오,7.91,4.75
삼성증권,12.48,7.49
LG이노텍,5.92,3.55
삼성생명,3.78,2.27
엔텔스,5.65,3.39
삼성중공업,13.08,7.85
신세계,0.98,0.59
현대차증권,4.00,2.40
화천기공,3.35,2.01
유아이디,6.19,3.71
나무가,14.63,8.78
비피도,-0.42,-0.25
제일일렉트릭,4.22,2.53
신한서부티엔디리츠,1.68,1.01
고려제강,0.23,0.14
LX세미콘,7.34,4.40
자화전자,10.60,6.36
시지메드텍,6.91,4.15
티에스이,8.62,5.17
텔코웨어,5.49,3.29
시디즈,-3.61,-2.16
이녹스,9.94,5.97
유니테스트,-23.88,-14.33
코셈,-4.74,-2.85
효성,14.77,8.86
유안타증권,5.02,3.01
에너토크,-10.91,-6.55
선도전기,14.43,8.66
한국주철관공업,4.68,2.81
케이엘넷,14.96,8.97
이스트에이드,-42.16,-25.29
상신브레이크,-5.49,-3.29
신풍,2.72,1.63
툴젠,-65.83,-39.50
에스코넥,40.27,24.16
KX,5.26,3.16
디티앤씨,-0.66,-0.40
이녹스첨단소재,10.71,6.43
솔트웨어,3.59,2.15
SM Life Design,8.17,4.90
현대비앤지스틸,2.85,1.71
현대이지웰,21.96,13.18
서울도시가스,2.76,1.66
포스코DX,9.19,5.51
와이어블,5.83,3.50
한국정보공학,3.32,1.99
누리플렉스,-9.43,-5.66
인산가,0.97,0.58
강스템바이오텍,-15.16,-9.09
레몬,-133.08,-79.85
시너지이노베이션,4.11,2.46
아비코전자,8.16,4.89
플래스크,0.73,0.44
모바일어플라이언스,-1.15,-0.69
피플바이오,-59.19,-35.51
캐프,14.79,8.88
GS피앤엘,2.38,1.43
미래생명자원,-6.99,-4.20
뉴로핏,-115.10,-69.06
BGF리테일,14.87,8.92
BGF,2.79,1.67
로킷헬스케어,-24.27,-14.56
한미사이언스,12.27,7.36
넥써쓰,-11.05,-6.63
비에프랩스,-14.34,-8.60
로아앤코홀딩스,-54.19,-32.51
탑런토탈솔루션,3.13,1.88
OCI,-5.88,-3.53
DH오토넥스,17.93,10.76
한싹,-8.07,-4.84
앤디포스,5.50,3.30
제일연마,12.54,7.52
빅텍,7.26,4.36
동화약품,0.96,0.57
인지디스플레,4.57,2.74
아이티켐,-21.95,-13.17
현대위아,2.88,1.73
엔케이,-2.22,-1.33
넥스턴앤롤코리아,-1.06,-0.63
싸이맥스,7.69,4.62
SK이노베이션,-14.94,-8.96
알트,10.52,6.31
티비씨,2.89,1.74
HC홈센타,-11.51,-6.90
HC보광산업,-2.71,-1.63
SBI핀테크솔루션즈,0.50,0.30
소노스퀘어,-3.60,-2.16
삼부토건,54.00,32.40
비츠로시스,7.95,4.77
인선이엔티,-3.54,-2.12
에이치와이티씨,5.32,3.19
엔젠바이오,-29.91,-17.95
THE E&M,-35.98,-21.59
인터엠,4.85,2.91
세나테크놀로지,9.48,5.69
KNN,4.95,2.97
에스디생명공학,-25.05,-15.03
에쓰씨엔지니어링,-10.06,-6.04
엔케이젠바이오텍코리아,-103.49,-62.09
대한해운,7.18,4.31
광림,3.39,2.03
삼호개발,7.77,4.66
두산에너빌리티,1.71,1.03
현대자동차,8.12,4.87
IPARK현대산업개발,4.92,2.95
테스,14.53,8.72
아하,-3.40,-2.04
디알젬,7.36,4.42
한라캐스트,3.47,2.08
핑거스토리,11.28,6.77
대보마그네틱,-197.49,-118.50
LG생활건강,-1.54,-0.92
알파AI,-20.59,-12.36
에이전트AI,-49.78,-29.87
오픈엣지테크놀로지,-176.53,-105.92
바이오솔루션,0.85,0.51
THE CUBE&,-20.87,-12.52
대신밸류리츠,0.71,0.42
한화비전,4.92,2.95
케이티스카이라이프,0.26,0.16
졸스,-11.88,-7.13
푸른로보틱스,-1.77,-1.06
KTcs,11.20,6.72
오이솔루션,-42.07,-25.24
코어라인소프트,-79.77,-47.86
쓰리빌리언,-22.93,-13.76
하이드로리튬,-55.59,-33.35
메디콕스,-25.25,-15.15
페스카로,4.20,2.52
강남제비스코,0.13,0.08
신대양제지,3.09,1.85
신영증권,6.13,3.68
인성정보,-5.79,-3.48
에코볼트,-11.50,-6.90
네오크레마,3.54,2.12
아이엘,-46.71,-28.03
청담글로벌,2.63,1.58
디와이덕양,1.07,0.64
삼성에피스홀딩스,1.44,0.87
인크레더블버즈,-45.22,-27.13
아이에이치큐,-12.95,-7.77
유니켐,-4.99,-3.00
티케이지휴켐스,6.52,3.91
CS,-5.72,-3.43
애경케미칼,-0.69,-0.41
HLB제약,3.65,2.19
레이언스,-2.24,-1.35
크리스에프앤씨,-1.09,-0.66
TPC로보틱스,-6.73,-4.04
에코심플렉스,-9.90,-5.94
바이오포트,-3.47,-2.08
중앙에너비스,-2.14,-1.29
알에프세미,11.85,7.11
미래산업,8.25,4.95
일성건설,5.10,3.06
한주에이알티,-104.57,-62.74
아이씨디,-2.01,-1.21
파수AI,7.15,4.29
뉴온,-41.25,-24.75
파로스아이바이오,-77.24,-46.35
태림포장,-2.84,-1.70
에스엔시스,10.45,6.27
현대오토에버,9.96,5.98
한화오션,20.18,12.11
대진첨단소재,-77.37,-46.42
HLB글로벌,-11.80,-7.08
키움증권,16.59,9.95
EMB,-39.42,-23.65
알엔투테크놀로지,-9.81,-5.88
오리온홀딩스,6.55,3.93
현대사료,5.73,3.44
메타케어,-0.18,-0.11
DGI,-14.42,-8.65
오토앤,-27.90,-16.74
월덱스,11.82,7.09
우리기술,-3.30,-1.98
한진중공업홀딩스,13.04,7.82
제닉,46.01,27.61
부국증권,5.48,3.29
삼천리자전거,6.70,4.02
한창,615.08,369.05
카카오페이,2.85,1.71
마녀공장,7.44,4.46
솔루스첨단소재,-14.64,-8.78
에이치엠넥스,8.09,4.85
JW신약,38.44,23.07
대한과학,8.42,5.05
링네트,9.16,5.50
파이버프로,20.33,12.20
하이로닉,4.95,2.97
삼영전자공업,0.95,0.57
예선테크,-4.92,-2.95
사조산업,-6.73,-4.04
오상헬스케어,1.10,0.66
SG&G,6.53,3.92
한화엔진,31.24,18.75
프롬바이오,-88.77,-53.26
아이엠뱅크,7.40,4.44
에스케이렌터카,8.62,5.17
에이테크솔루션,0.37,0.22
케어젠,9.46,5.68
비아이매트릭스,7.48,4.49
와이앤넥스트,-4.92,-2.95
유라클,-35.32,-21.19
코리아나,-9.25,-5.55
이화전기공업,-0.69,-0.41
삼영에스앤씨,-5.95,-3.57
아이티엠반도체,-98.92,-59.35
씨앤투스,-5.22,-3.13
보로노이,-41.14,-24.69
폰드그룹,16.38,9.83
세아제강,2.67,1.60
대신증권,4.60,2.76
KG스틸,6.59,3.96
LS마린솔루션,1.33,0.80
GS건설,1.69,1.01
삼천리,6.98,4.19
HB테크놀러지,9.96,5.98
SJG세종,12.99,7.80
화신,11.67,7.00
LS증권,2.61,1.57
LG헬로비전,0.39,0.24
비엠티,12.67,7.60
현대리바트,1.77,1.06
HD현대마린엔진,33.77,20.26
이엔에프테크놀로지,11.18,6.71
산일전기,25.44,15.26
그래디언트,-3.42,-2.05
PS일렉트로닉스,12.29,7.38
깨끗한나라,-27.84,-16.70
파두,-385.05,-231.03
기가레인,-26.48,-15.89
트리니티항공,-650.14,-390.09
쿼드메디슨,-22.50,-13.50
파인메딕스,-9.88,-5.93
뉴트리,-2.44,-1.46
빛샘전자,9.17,5.50
동양이엔피,11.11,6.67
서울옥션,-8.93,-5.36
우리엔터프라이즈,-3.09,-1.85
셀피글로벌,-103.13,-61.88
위메이드맥스,-7.74,-4.64
아모센스,1.15,0.69
CJ제일제당,-3.61,-2.17
티이엠씨씨엔에스,3.68,2.21
LX하우시스,-5.26,-3.16
HD현대마린솔루션,32.69,19.61
경동도시가스,6.91,4.15
SK케미칼,0.87,0.52
NH올원리츠,0.69,0.42
SYTS,5.28,3.17
엠엑스로보틱스,-15.43,-9.26
엠엑스온,-2.33,-1.40
씨메스로보틱스,-28.45,-17.07
기아,12.35,7.41
버넥트,-16.69,-10.01
현대에이치티,9.94,5.97
해성산업,-3.48,-2.09
제닉스로보틱스,-15.13,-9.08
화성밸브,-2.08,-1.25
HLB바이오스텝,-20.07,-12.04
보령,7.61,4.56
푸드나무,5.80,3.48
엑시큐어하이트론,-225.79,-135.47
유니온,19.73,11.84
한주라이트메탈,-5.90,-3.54
DB하이텍,11.26,6.75
지엔씨에너지,18.07,10.84
애드포러스,-5.09,-3.06
더네이쳐홀딩스,0.26,0.16
제이스로보틱스,-18.78,-11.27
아크솔루션스,-45.43,-27.26
이노인스트루먼트,-32.54,-19.53
국전,-5.03,-3.02
잇츠한불,6.44,3.86
코스모화학,-5.30,-3.18
한국선재,2.47,1.48
DYP,5.48,3.29
아이퀘스트,9.95,5.97
이수스페셜티케미컬,0.58,0.35
PKC,4.52,2.71
엔지켐생명과학,-13.04,-7.82
공구우먼,8.99,5.39
비유테크놀러지,-54.11,-32.46
TP,13.33,8.00
오픈놀,-16.46,-9.88
현대건설,5.53,3.32
LG전자,4.27,2.56
한솔제지,0.56,0.33
삼양패키징,4.57,2.74
효성티앤씨,1.95,1.17
솔디펜스,5.95,3.57
헬스커넥트,-48.88,-29.33
제이엘케이,-32.89,-19.74
코오롱모빌리티그룹,-0.65,-0.39
장원테크,6.39,3.83
한국정보인증,11.24,6.75
SNT에너지,23.13,13.88
뉴프렉스,8.12,4.87
딥커머스,3.16,1.90
매일유업,8.91,5.35
오리온,9.98,5.99
일월지엠엘,12.61,7.56
대한제강,1.49,0.89
한화시스템,4.18,2.51
사토시홀딩스,-182.60,-109.56
엘브이엠씨,2.83,1.70
피스피스스튜디오,9.67,5.80
티앤알바이오팹,-151.42,-90.85
DB,10.98,6.59
에스앤에스텍,19.09,11.46
제일기획,13.14,7.88
모나용평,-8.45,-5.07
성우,2.18,1.31
케이피항공산업,9.09,5.45
스피어,0.27,0.16
삼지전자,15.89,9.54
일지테크,23.81,14.29
INVENI,13.44,8.06
케이씨피드,13.05,7.83
한국항공우주,9.87,5.92
덕신이피씨,1.12,0.67
NICE인프라,3.92,2.35
씨케이솔루션,-55.67,-33.40
도우인시스,0.29,0.17
배럴,9.18,5.51
한화솔루션,-5.50,-3.30
헥토파이낸셜,4.93,2.96
녹십자웰빙,8.88,5.33
다이나믹솔루션,-23.14,-13.88
피앤에스로보틱스,6.36,3.82
레뷰코퍼레이션,12.42,7.45
SAMG엔터,36.13,21.68
달바글로벌,39.81,23.89
이엘씨,4.77,2.86
이지트로닉스,-38.00,-22.80
비상교육,10.66,6.39
캐스텍코리아,-38.50,-23.10
에스원,10.17,6.10
유니드,6.03,3.62
일진다이아,1.07,0.64
이리츠코크렙,3.23,1.94
일진전기,17.65,10.59
일진하이솔루스,-0.63,-0.38
미원에스씨,13.67,8.20
엔알비,-0.62,-0.37
플래티어,-13.14,-7.89
메이슨캐피탈,-19.18,-11.51
조이웍스앤코,-110.87,-66.52
셀트리온,5.94,3.57
현대에버다임,2.42,1.45
이트론,18.19,10.91
와이투솔루션,-9.69,-5.81
콜마홀딩스,1.38,0.83
퍼시스,5.95,3.57
케이엔솔,-43.92,-26.35
E1,4.38,2.63
알에프텍,-16.38,-9.83
코아스,-90.57,-54.34
SNT홀딩스,9.18,5.51
CG인바이츠,-10.54,-6.33
한국자산신탁,4.56,2.73
성창오토텍,15.40,9.24
HJ중공업,7.68,4.61
HB솔루션,10.70,6.42
국보,154.89,92.93
대동전자,4.84,2.90
HLB테라퓨틱스,-5.56,-3.34
노바렉스,14.12,8.47
플레이디,6.45,3.87
신라젠,-21.97,-13.18
파마리서치,23.24,13.95
드림시큐리티,4.93,2.96
골프존,2.93,1.76
위지윅스튜디오,-31.60,-18.96
비투엔,-38.86,-23.32
휴엠앤씨,3.45,2.07
엔비알모션,-35.61,-21.37
코리아에프티,16.60,9.96
리더스코스메틱,-28.93,-17.36
동원F&B,11.62,6.97
앱토크롬,-1.84,-1.10
휴젤,14.99,9.00
스페코,-0.68,-0.41
토마토시스템,-11.23,-6.74
블리츠웨이엔터테인먼트,-74.30,-44.58
네오이뮨텍,-54.18,-32.51
스마트레이더시스템,-15.52,-9.31
플라즈맵,-115.16,-69.10
수산인더스트리,8.83,5.30
대한전선,5.51,3.30
에코글로우,-28.81,-17.29
셀레스트라,189.14,113.48
효성화학,51.50,30.90
S&K폴리텍,8.13,4.88
DXVX,-30.89,-18.54
정원엔시스,2.49,1.50
아이언디바이스,-17.04,-10.22
일양약품,2.95,1.77
현대로템,25.33,15.20
아이파크영창,19.01,11.41
아이마켓코리아,7.02,4.21
더핑크퐁컴퍼니,9.84,5.90
SBS,0.61,0.37
포니링크,7.33,4.40
쏘카,-11.15,-6.69
큐리오시스,-27.89,-16.73
부산은행,7.45,4.47
TYM,9.52,5.71
유니크,7.92,4.75
태광산업,2.10,1.26
미코,10.88,6.53
신흥,2.53,1.52
압타바이오,-34.64,-20.79
씨유메디칼,1.37,0.82
아이티센글로벌,38.74,23.25
가비아,8.33,5.00
내츄럴엔도텍,-15.57,-9.34
아이티아이즈,-122.94,-73.77
에이엘티,-9.49,-5.69
컴투스홀딩스,14.75,8.85
EG,-33.14,-19.88
이화산업,-1.04,-0.63
에이블씨엔씨,16.31,9.79
청호ICT,1.02,0.61
삼익THK,-28.59,-17.15
JW중외제약,16.65,9.99
LX홀딩스,6.78,4.07
SOOP,20.62,12.37
KBI메탈,0.97,0.58
빌리언스,-29.95,-17.97
에이텍,0.40,0.24
코아시아,-15.77,-9.46
에이프로젠,-30.65,-18.39
코스리거글로벌,-22.26,-13.36
NC,10.31,6.18
디티씨,-0.57,-0.34
한텍,18.94,11.37
씨티알모빌리티,-3.71,-2.22
더코디,-146.24,-87.75
JTC,44.71,26.83
남선알미늄,1.28,0.77
KBI동양철관,-2.19,-1.32
HS화성,7.06,4.24
한국큐빅,4.69,2.81
녹십자홀딩스,-2.37,-1.42
제이오,-4.37,-2.62
삼립,2.91,1.75
녹십자,-2.13,-1.28
시선AI,-99.63,-59.78
코렌텍,7.82,4.69
한신공영,6.88,4.13
아이큐어,-141.13,-84.68
KB스타리츠,-37.81,-22.69
에코앤드림,-4.02,-2.41
휴맥스,-84.69,-50.81
베셀,42.80,25.68
리가켐바이오,-16.92,-10.15
아티스트컴퍼니,2.83,1.70
엔피,-13.29,-7.97
에스피소프트,5.63,3.38
한패스,15.69,9.42
DB증권,7.55,4.53
KG모빌리티,3.14,1.88
우듬지팜,-11.52,-6.91
포바이포,-27.27,-16.36
케이티앤지,11.81,7.08
광주은행,11.31,6.79
오파스넷,18.51,11.11
강원랜드,8.03,4.82
차바이오텍,-18.13,-10.88
큐렉소,2.88,1.73
링크드,-4.99,-2.99
썸에이지,-71.69,-43.02
남양유업,0.75,0.45
와이즈버즈,3.73,2.24
엠피씨플러스,-20.75,-12.45
안랩,13.69,8.21
LG디스플레이,3.88,2.33
동양생명,8.04,4.82
빛과전자,-33.38,-20.03
블루산업개발,-29.78,-17.87
케이비증권,9.89,5.94
KD,-181.35,-108.81
파라택시스코리아,-73.62,-44.17
케스피온,-34.15,-20.49
큐리언트,-79.77,-47.86
삼성SDI,-2.48,-1.49
토모큐브,-12.40,-7.44
한울반도체,-48.08,-28.85
에스제이엠,4.46,2.68
삼성E&A,14.58,8.75
무학,8.20,4.92
고려신용정보,21.06,12.64
우리이앤엘하루틴,-1.52,-0.91
비트맥스,-907.99,-544.79
SUN&L,-1.63,-0.98
엑스플러스,-11.06,-6.64
위니아,10.47,6.28
윤성에프앤씨,-10.81,-6.49
링크제니시스,5.92,3.55
씨엔플러스,-36.07,-21.64
휴맥스홀딩스,-90.35,-54.21
티움바이오,-49.77,-29.86
오뚜기,3.27,1.96
인터지스,3.54,2.12
케이에이치건설,-67.40,-40.44
비엘팜텍,-211.76,-127.06
한국유니온제약,134.58,80.75
APS이노베이션,0.05,0.03
LIG디펜스앤에어로스페이스,16.09,9.65
LIG아큐버,-0.72,-0.43
씨어스,40.50,24.30
에피소드컴퍼니,-29.73,-17.84
E8,-78.27,-46.96
에이아이코리아,-1.91,-1.15
풍전약품,0.56,0.34
DSR제강,13.13,7.88
3S,-20.21,-12.12
신성에스티,0.53,0.32
필옵틱스,-13.79,-8.27
동아지질,8.19,4.91
코디,8.95,5.37
제우스,-3.90,-2.34
케이에이치미래물산,-15.80,-9.48
지에프아이,-6.76,-4.06
그래피,-55.43,-33.26
텔콘RF제약,-10.51,-6.30
레드우즈,3066.88,1840.13
라온로보틱스,10.33,6.20
SK아이이테크놀로지,-8.13,-4.88
다산네트웍스,1.22,0.73
싸이닉솔루션,4.84,2.91
탑코미디어,-7.16,-4.30
비아트론,5.78,3.47
KT나스미디어,3.37,2.02
신라에스지,-23.64,-14.18
GC메디아이,23.80,14.28
디와이에이,-1.40,-0.84
KG파이낸셜,6.29,3.77
제이케이시냅스,-29.02,-17.41
상보,-30.14,-18.08
빙그레,7.47,4.48
경농,6.79,4.08
에코마케팅,6.65,3.99
동방메디컬,9.13,5.48
프로이천,9.12,5.47
케이엠더블유,-20.57,-12.34
SK네트웍스,2.47,1.48
멕아이씨에스,-7.38,-4.43
대주산업,6.04,3.63
엠젠솔루션,-48.48,-29.09
센코,8.16,4.90
드림어스컴퍼니,1.81,1.08
아톤,2.09,1.25
셀레믹스,-17.54,-10.52
세토피아,359.22,215.53
솔트룩스,-16.27,-9.76
듀켐바이오,13.16,7.90
이지스레지던스리츠,3.75,2.25
SY동아,14.54,8.73
웰바이오텍,-60.92,-36.55
케이씨더블류,-0.14,-0.08
인스피언,4.78,2.87
손오공,1.64,0.98
에스티큐브,-30.23,-18.14
솔브레인,7.56,4.53
레이저쎌,-87.27,-52.36
유틸렉스,-163.37,-98.02
미스토홀딩스,13.44,8.06
서울평가정보,19.19,11.51
한울앤제주,-72.05,-43.23
트레스,10.75,6.45
미쥬,7.95,4.77
블랙야크아이앤씨,-14.71,-8.83
키네마스터,13.46,8.08
한국스탠다드차타드은행,2.60,1.56
한전산업,3.94,2.36
스틱인베스트먼트,5.84,3.51
경창산업,-18.11,-10.87
한양디지텍,8.81,5.29
전북은행,9.74,5.84
동성케미컬,11.78,7.07
한국정보통신,10.89,6.53
샌즈랩,-0.86,-0.51
풀무원식품,5.85,3.51
유진테크,9.05,5.43
대봉엘에스,6.83,4.10
롯데지주,-6.32,-3.79
엘앤에프,-79.00,-47.40
엠디바이스,22.28,13.37
서진시스템,-13.88,-8.33
에이치씨코퍼레이션,14.12,8.47
에이비엘바이오,-24.17,-14.50
파인텍,-29.31,-17.59
국일제지,-1.55,-0.93
대림통상,-44.42,-26.65
대원,-3.04,-1.83
대한제분,-2.49,-1.49
유니슨,-19.74,-11.85
동방,9.76,5.85
시공테크,16.43,9.86
DRB동일,1.70,1.02
LX인터내셔널,4.48,2.69
한국경제TV,1.89,1.13
한국카본,17.54,10.52
케이옥션,-6.05,-3.63
신한지주,8.42,5.05
리브스메드,-12.65,-7.59
아크릴,-6.42,-3.85
동부건설,8.08,4.85
코아시아씨엠,4.19,2.51
율촌화학,1.43,0.86
디앤디파마텍,-30.36,-18.22
엠플러스,20.23,12.14
에브리봇,-20.29,-12.17
이오플로우,29.44,17.66
씨앤에이치,41.00,24.60
케이이엠텍,-41.87,-25.12
이노에이엑스,7.57,4.54
덱스터,-15.68,-9.41
바이오다인,1.93,1.16
대원산업,13.15,7.89
농심,6.01,3.60
네이처셀,-4.50,-2.70
롯데쇼핑,0.44,0.26
HLB이노베이션,-15.21,-9.12
동서,8.43,5.06
케이에스피,7.89,4.74
동아엘텍,39.81,23.88
롯데케미칼,-14.05,-8.43
NPX,-350.15,-210.09
오가노이드사이언스,-63.35,-38.01
로보로보,-4.54,-2.72
동양에스텍,1.63,0.98
서한,5.39,3.23
M83,-20.21,-12.13
에치에프알,-0.03,-0.02
신테카바이오,-54.68,-32.81
에이프로젠바이오로직스,-60.63,-36.38
한진,0.06,0.04
전진건설로봇,18.68,11.21
티와이홀딩스,-9.42,-5.65
남성,-3.54,-2.13
심텍홀딩스,-40.41,-24.24
대원전선,8.49,5.10
케이티,9.44,5.66
스모트로닉,-14.42,-8.65
더테크놀로지,-89.28,-53.57
일진디스플,-21.97,-13.18
넥스틸,7.77,4.66
한국전자인증,7.21,4.32
제이브이엠,12.12,7.27
LG화학,-2.07,-1.24
HLB생명과학,-33.57,-20.14
고바이오랩,-14.15,-8.49
리메드,-0.09,-0.05
고려산업,8.08,4.85
YW,6.02,3.61
플레이그램,-1.64,-0.98
에르코스,-11.49,-6.90
유수홀딩스,4.06,2.44
하이트진로,3.60,2.16
인포바인,7.42,4.45
글로벌텍스프리,25.35,15.21
주연테크,-4.67,-2.80
세진중공업,19.98,11.99
SK오션플랜트,4.61,2.76
아이윈,17.80,10.68
코오롱인더,1.27,0.76
CSA 코스믹,-40.27,-24.16
토니모리,9.11,5.47
멀티캠퍼스,11.21,6.73
한미약품,13.15,7.89
제주반도체,17.39,10.44
HD현대,12.12,7.27
HD현대중공업,15.15,9.09
한울소재과학,-99.87,-59.92
지엘팜텍,0.06,0.04
지니언스,12.05,7.23
한솔케미칼,12.58,7.55
이엠앤아이,-47.56,-28.53
스맥,-22.03,-13.22
에스에너지,-43.27,-25.96
매커스,18.33,11.00
네오리진,-46.78,-28.07
에이비프로바이오,-90.54,-54.33
TS인베스트먼트,7.12,4.27
휴먼테크놀로지,-44.62,-26.77
워트,5.40,3.24
흥국에프엔비,7.98,4.79
엑세스바이오,-15.01,-9.00
킵스파마,-12.74,-7.64
휴마시스,-9.23,-5.54
클리오,5.49,3.29
동원수산,13.74,8.24
인디에프,-0.28,-0.17
매일홀딩스,8.20,4.92
인텍플러스,-7.22,-4.33
싸이토젠,-34.28,-20.57
에이치피오,4.69,2.81
얼라인드,7.83,4.70
디와이디,-135.60,-81.36
보라티알,0.26,0.16
제테마,-11.45,-6.87
씨앤씨인터내셔널,4.03,2.42
그리드위즈,1.52,0.91
유일에너테크,-49.49,-29.69
와이랩,-27.84,-16.71
삼보오토,3.04,1.82
마음AI,-29.36,-17.61
엔비티,-21.81,-13.09
디와이,5.00,3.00
지아이텍,0.98,0.59
폴라리스세원,0.78,0.47
KS인더스트리,-20.73,-12.44
모델솔루션,9.45,5.67
다보링크,-33.05,-19.83
범한퓨얼셀,0.73,0.44
진시스템,-189.34,-113.61
넥사다이내믹스,-66.90,-40.14
지투파워,13.18,7.91
이지바이오,25.78,15.47
케이지에이,-22.92,-13.75
삼성전자,10.36,6.22
케이씨텍,10.07,6.04
아우토크립트,-40.96,-24.57
더존비즈온,14.61,8.76
제이씨케미칼,-3.57,-2.14
동일산업,-3.18,-1.91
삼기,-6.36,-3.82
넥센타이어,7.36,4.42
명인제약,10.25,6.15
한국토지신탁,1.87,1.12
신세계푸드,21.57,12.94
큐알티,3.24,1.95
HL홀딩스,2.00,1.20
덕산네오룩스,11.47,6.88
HDC랩스,4.60,2.76
아이티센씨티에스,27.26,16.36
엔시트론,-5.26,-3.15
우림피티에스,2.89,1.73
에임드바이오,2.61,1.56
와이씨,6.09,3.65
HDC현대EP,8.56,5.13
아이티센피엔에스,-17.67,-10.60
AJ네트웍스,6.20,3.72
유니온머티리얼,12.53,7.52
자이언트스텝,-32.84,-19.71
RF머트리얼즈,12.01,7.21
농심홀딩스,8.67,5.20
삼양사,-16.94,-10.16
HL만도,4.27,2.56
HD건설기계,4.51,2.71
씨씨에스,-35.71,-21.43
골프존홀딩스,3.21,1.93
케이씨씨글라스,-6.06,-3.64
바이온,-32.77,-19.66
에이치엘사이언스,-14.44,-8.66
한화생명,5.03,3.02
CJ,0.84,0.50
삼익악기,6.17,3.70
슈피겐코리아,5.47,3.28
파인테크닉스,-28.86,-17.32
아이티센엔텍,22.19,13.31
오로스테크놀로지,-10.12,-6.07
액스비스,17.83,10.70
이수페타시스,21.22,12.73
한화에어로스페이스,13.12,7.87
LK삼양,-55.87,-33.52
피아이이,-43.68,-26.21
이노션,9.97,5.98
산은캐피탈,16.38,9.83
파라다이스,6.54,3.93
쌍용씨앤이,-0.75,-0.45
풍산홀딩스,6.34,3.80
노머스,14.32,8.59
앤씨앤,7.27,4.36
서린바이오,0.67,0.40
인지컨트롤스,7.35,4.41
서부T&D,8.38,5.03
나노엔텍,1.74,1.04
지역난방공사,14.73,8.84
원익,4.07,2.44
웨이브일렉트로,2.10,1.26
SG,-2.40,-1.44
글로벌에스엠,5.84,3.50
교촌에프앤비,9.13,5.48
한솔피엔에스,-6.84,-4.10
NH투자증권,10.93,6.56
신성통상,10.91,6.54
밸로프,5.59,3.35
페이퍼코리아,-7.33,-4.40
재영솔루텍,8.27,4.96
덕산테코피아,-99.13,-59.48
더블유에스아이,-5.58,-3.35
노루페인트,3.96,2.37
데이원컴퍼니,10.45,6.27
롯데웰푸드,3.12,1.87
엔브이에이치코리아,-13.41,-8.05
핸즈코퍼레이션,-95.02,-57.01
모나미,-13.17,-7.90
대창솔루션,-21.60,-12.96
HLB,-47.62,-28.57
AK홀딩스,-15.55,-9.33
서원,-0.01,-0.01
위지트,5.90,3.54
수산세보틱스,7.93,4.76
영흥,-33.14,-19.88
웰킵스하이텍,-9.29,-5.57
코오롱글로벌,-29.28,-17.57
마크로젠,-0.12,-0.07
HD한국조선해양,17.32,10.39
노루홀딩스,7.21,4.33
한화투자증권,4.93,2.96
이브이첨단소재,-21.02,-12.61
고려아연,6.89,4.13
윌비스,-75.25,-45.15
케이피에프,5.79,3.48
대호에이엘,-38.50,-23.10
잉크테크,3.20,1.92
SK스퀘어,31.51,18.91
케어랩스,26.14,15.69
솔루엠,2.52,1.51
상지건설,-13.57,-8.14
이엔플러스,2.76,1.66
파크시스템스,15.31,9.19
넵튠,-12.85,-7.71
나노실리칸첨단소재,-20.29,-12.17
비에이치아이,36.70,22.02
화승인더스트리,1.73,1.04
한세실업,7.79,4.68
한빛소프트,27.19,16.32
이노테크,13.24,7.95
LS네트웍스,-1.49,-0.90
원익큐브,2.55,1.53
상상인증권,-3.00,-1.80
선광,9.09,5.46
대창,1.09,0.65
에코플라스틱,0.55,0.33
아이에스동서,-5.05,-3.03
TCC스틸,-3.05,-1.83
풍국주정,6.77,4.06
디아이동일,-1.92,-1.15
티케이지애강,-13.30,-7.98
코맥스,-138.09,-82.86
다올투자증권,5.43,3.26
YBM넷,3.06,1.83
스타코링크,-130670.23,-78402.14
아이엠,-199.86,-119.92
앱튼,-24.62,-14.77
코퍼스코리아,-53.45,-32.07
인스웨이브,-8.58,-5.15
주성엔지니어링,6.05,3.63
대한항공,5.65,3.39
네패스,8.21,4.93
까뮤이앤씨,17.82,10.69
알멕,-3.80,-2.28
동원시스템즈,6.23,3.74
HRS,10.43,6.26
GS글로벌,2.43,1.46
대아티아이,13.24,7.95
머큐리,-1.65,-0.99
애경산업,3.79,2.27
KG에코솔루션,5.89,3.53
SKC,-35.51,-21.31
한성크린텍,0.85,0.51
이건산업,-7.51,-4.51
씨싸이트,-2.44,-1.46
일동홀딩스,6.24,3.75
블루엠텍,-10.06,-6.04
크라우드웍스,-129.04,-77.43
세방전지,8.51,5.10
티엘아이,-82.32,-49.39
아이에이,-75.62,-45.37
신풍제약,3.10,1.86
기업은행,7.38,4.43
체리부로,20.60,12.36
아모레퍼시픽홀딩스,4.04,2.42
유니온바이오메트릭스,4.85,2.91
디바이스,10.51,6.31
중앙첨단소재,-5.30,-3.18
아티스트스튜디오,-9.48,-5.69
LS티라유텍,-16.25,-9.75
코오롱생명과학,4.27,2.56
OCI홀딩스,-3.09,-1.85
참엔지니어링,-20.32,-12.19
태영건설,14.91,8.94
이엠텍,-6.06,-3.64
SK텔레콤,2.90,1.74
한올바이오파마,-3.44,-2.06
ISC,10.49,6.29
서연,5.75,3.45
엑시콘,4.58,2.75
HDC,7.67,4.60
옵트론텍,-37.57,-22.54
삼익제약,-1.09,-0.66
강원에너지,-13.22,-7.93
넥슨게임즈,-24.26,-14.55
신세계인터내셔날,0.49,0.29
엔터미디어,-1472.72,-883.63
고스트스튜디오,5.00,3.00
에스투더블유,-22.88,-13.73
멤레이비티,-43.15,-25.89
알테오젠,31.95,19.17
디어유,8.88,5.33
세미파이브,-25.49,-15.30
에스와이스틸텍,-2.19,-1.31
와이엔텍,8.78,5.27
SFA반도체,-4.05,-2.43
에스에프에이,3.45,2.07
에이디칩스,-337.04,-202.22
대덕,0.43,0.26
삼양홀딩스,-11.24,-6.74
나래나노텍,34.35,20.61
고영,4.40,2.64
한일시멘트,4.34,2.61
우리금융캐피탈,8.09,4.86
로아앤코,24.29,14.58
NH농우바이오,4.41,2.65
녹십자엠에스,7.46,4.48
클래시스,23.92,14.35
삼영엠텍,3.37,2.02
세종텔레콤,4.63,2.78
티에스넥스젠,-201.50,-120.90
제놀루션,-18.55,-11.13
일승,15.06,9.04
오비고,-8.38,-5.03
일동제약,9.89,5.94
대양제지공업,-6.81,-4.09
에프알텍,3.61,2.17
형지I&C,-25.94,-15.56
에스넷,4.32,2.59
에코아이,1.42,0.85
알체라,-11.44,-6.87
웅진,34.03,20.42
대원화성,7.89,4.74
현대지에프홀딩스,7.10,4.26
오션인더블유,-6.61,-3.96
코미팜,-11.14,-6.68
케이엔더블유,-4.72,-2.83
삼천당제약,3.31,1.99
드림텍,2.74,1.64
다우데이타,15.56,9.33
인스코비,-259.45,-155.67
알티캐스트,0.02,0.01
하이트진로홀딩스,1.39,0.84
아시아종묘,-5.67,-3.40
두산,2.04,1.22
경남은행,8.08,4.85
덕양에너젠,10.63,6.38
쎌바이오텍,7.69,4.62
국제약품,5.84,3.50
KR모터스,-4.34,-2.60
동양,2.68,1.61
서울전자통신,-61.04,-36.63
KISCO홀딩스,-1.55,-0.93
한국앤컴퍼니,7.26,4.36
한솔홈데코,-22.44,-13.46
새론오토모티브,-0.21,-0.13
부방,1.35,0.81
에코프로비엠,4.54,2.73
한국캐피탈,13.33,8.00
팬오션,5.27,3.16
디와이씨,6.81,4.08
지노믹트리,-7.91,-4.75
바이오비쥬,6.70,4.02
위닉스,-12.55,-7.53
HS효성,3.84,2.30
이니텍,2.05,1.23
루멘스,-6.28,-3.77
LB세미콘,-55.87,-33.52
GH신소재,-4.23,-2.54
피에스케이,14.57,8.74
꿈비,-22.27,-13.36
리센스메디컬,-274.03,-164.42
플랜텍,-4.44,-2.66
다원시스,38.18,22.91
디케이락,4.94,2.96
온타이드,-10.20,-6.12
블루콤,9.62,5.77
HMM,7.07,4.24
엔바이오니아,-31.59,-18.95
다산디엠씨,-12.12,-7.27
아이비김영,28.37,17.02
삼양식품,30.57,18.34
인벤티지랩,-19.68,-11.81
에스케이브로드밴드,5.78,3.47
제이케이리버스톤자기관리부동산투자회사,-12.73,-7.64
대한광통신,-41.97,-25.18
아센디오,-190.54,-114.32
노브랜드,3.31,1.98
SNT다이내믹스,7.10,4.26
이원컴포텍,-43.01,-25.81
미래나노텍,4.04,2.42
린드먼아시아,4.96,2.98
모다이노칩,-1.67,-1.00
HLB파나진,-4.32,-2.59
휴스토리,49.55,29.73
지어소프트,8.52,5.11
콜마비앤에이치,-6.37,-3.82
코오롱이앤피,11.61,6.97
브이원텍,-11.75,-7.05
롯데이노베이트,0.90,0.54
이랜텍,8.62,5.17
서희건설,11.11,6.66
웅진씽크빅,-8.73,-5.24
케이바이오랩스,-4.93,-2.96
우성머티리얼스,-24.55,-14.73
디에스엠,1.76,1.06
대한조선,22.77,13.66
씨엠티엑스,-11.79,-7.07
부산산업,-3.77,-2.26
씨티씨바이오,4.46,2.67
알엔티엑스,-12.45,-7.47
나우코스,18.02,10.81
실리콘투,36.85,22.11
제이스코홀딩스,-58.40,-35.04
누보,2.95,1.77
제이피아이헬스케어,7.68,4.61
센서뷰,-116.65,-69.99
광무,-13.47,-8.08
와이엠티,0.67,0.40
그린광학,3.12,1.87
코아스템켐온,-48.63,-29.18
쌍방울,-5.97,-3.58
엑셈,6.16,3.70
더즌,14.59,8.76
에스텍,17.71,10.63
젝시믹스,10.23,6.14
동방아그로,5.61,3.36
DH오토리드,12.25,7.35
위메이드플레이,7.57,4.54
소프트센,-1.49,-0.89
컴투스,0.88,0.53
더본코리아,-7.07,-4.24
더블유게임즈,10.88,6.53
한빛레이저,7.96,4.77
엘컴텍,2.63,1.58
LG에너지솔루션,0.28,0.17
NHN,2.93,1.76
무궁화인포메이션테크놀로지,-22.94,-13.77
DSC인베스트먼트,13.65,8.19
랩지노믹스,-43.02,-25.81
코다코,-57.98,-34.79
세아특수강,4.80,2.88
우주일렉트로,8.18,4.91
세원이앤씨,-41.05,-24.63
노타,-60.57,-36.34
코나아이,28.90,17.34
진원생명과학,-126.78,-76.07
남화토건,6.22,3.73
차AI헬스케어,1.81,1.09
하이퍼코퍼레이션,-4.94,-2.96
FSN,-16.86,-10.11
뉴키즈온,-8.95,-5.37
한전KPS,9.23,5.54
인트론바이오,-12.82,-7.69
제이에스링크,-23.97,-14.38
DL이앤씨,7.06,4.24
이아이디,21.86,13.12
애드바이오텍,-24.58,-14.75
대동,-4.62,-2.77
넥스쳐,5.55,3.33
동진쎄미켐,8.54,5.12
옵티코어,-98.42,-59.05
포톤,-13.37,-8.02
이스트소프트,-31.05,-18.63
엠게임,11.69,7.01
대한방직,-0.39,-0.24
인트로메딕,-34.50,-20.70
유비온,17.05,10.23
파멥신,-12.29,-7.37
SP삼화,2.29,1.37
시프트업,20.78,12.47
에이치엔에스하이텍,8.64,5.19
육일씨엔에쓰,6.81,4.08
대양금속,9.39,5.63
DH오토웨어,-44.35,-26.61
이엠넷,1.87,1.12
큐리옥스바이오시스템즈,-51.46,-30.88
케이디켐,3.42,2.05
메디아나,3.89,2.34
인티큐브,6.63,3.98
에이비온,-42.51,-25.51
다이나믹디자인,-20.12,-12.07
로젠,5.08,3.05
스코넥,-165.57,-99.34
한화,4.11,2.47
지아이에스,-8.47,-5.08
한일사료,3.79,2.28
금호전기,-38.91,-23.35
와이지-원,5.83,3.50
에스팀,13.49,8.10
세운메디칼,7.90,4.74
케일럼,-6.04,-3.62
모트렉스,4.32,2.59
HEM파마,-454.92,-272.95
위메이드,-3.33,-2.00
인화정공,7.49,4.49
자이에스앤디,5.33,3.20
에스프리즘,-47.56,-28.54
제로투세븐,4.14,2.48
LG씨엔에스,14.93,8.96
하나금융지주,8.84,5.31
키다리스튜디오,3.21,1.92
NICE평가정보,16.63,9.98
한국종합기술,5.01,3.00
우진비앤지,-5.61,-3.36
디에이치엑스컴퍼니,-169.58,-101.75
아이오케이이엔엠,-25.37,-15.22
앱코,10.32,6.19
현대제철,0.01,0.00
엠투엔,-0.41,-0.25
미래에셋벤처투자,8.18,4.91
서암기계공업,1.77,1.06
ES큐브,-2.25,-1.35
삼진식품,12.45,7.47
넷마블,4.20,2.52
케이에이치필룩스,-10.08,-6.05
슈어소프트테크,7.90,4.74
광진실업,-24.24,-14.55
이큐셀,-23.51,-14.10
나우IB,5.54,3.32
대원강업,6.30,3.78
비큐AI,-6.77,-4.06
CJ 바이오사이언스,-44.75,-26.85
KBG,5.52,3.31
세종메디칼,-0.11,-0.07
광동제약,3.00,1.80
티엠씨,-0.53,-0.32
어보브반도체,1.27,0.76
엑스큐어,-1.55,-0.93
DKME,-2.30,-1.38
오텍,-5.86,-3.52
파이온엑스,-33.19,-19.91
메드팩토,-27.86,-16.72
DL,-1.96,-1.17
